"";"year";"land";"date";"cdu";"csu";"spd";"fdp";"gruene";"linke";"afd";"wbt";"others";"level"
"1";"1949";"baden-wuerttemberg";1949-08-14;0,396228964764649;0;0,23876059797782;0,175701787646702;NA;NA;NA;0,706143315265484;0,189308649610829;"bundestagswahl"
"2";"1949";"bayern";1949-08-14;0;0,291996210357721;0,227474991131907;0,0854858773637407;NA;NA;NA;0,810734311747233;0,395042921146631;"bundestagswahl"
"3";"1949";"bremen";1949-08-14;0,168792062264492;0;0,343932338373949;0,129096802856532;NA;NA;NA;0,818715297797225;0,358178796505027;"bundestagswahl"
"4";"1949";"hamburg";1949-08-14;0,197456717367391;0;0,396350298858902;0,158343310022486;NA;NA;NA;0,811797787268645;0,24784967375122;"bundestagswahl"
"5";"1949";"hessen";1949-08-14;0,213523327309684;0;0,321406320039017;0,280546526346652;NA;NA;NA;0,773298410763877;0,184523826304646;"bundestagswahl"
"6";"1949";"niedersachsen";1949-08-14;0,176380621901891;0;0,334315716295327;0,0749089785544413;NA;NA;NA;0,777285843081519;0,41439468324834;"bundestagswahl"
"7";"1949";"nordrhein-westfalen";1949-08-14;0,36891505785364;0;0,313559580307448;0,0864420252721197;NA;NA;NA;0,795886080687932;0,231083336566792;"bundestagswahl"
"8";"1949";"rheinland-pfalz";1949-08-14;0,490462825065872;0;0,285636747706691;0,158306765505506;NA;NA;NA;0,796379623915652;0,0655936617219306;"bundestagswahl"
"9";"1949";"schleswig-holstein";1949-08-14;0,306907705747633;0;0,295675448657087;0,0740460380160996;NA;NA;NA;0,826690821953736;0,32337080757918;"bundestagswahl"
"10";"1953";"baden-wuerttemberg";1953-09-06;0,524471932602238;0;0,230120918104718;0,126956067100114;NA;NA;NA;0,817820887396388;0,11845108219293;"bundestagswahl"
"11";"1953";"bayern";1953-09-06;0;0,478438988354519;0,23341853327331;0,062183998757479;NA;NA;NA;0,858023055281166;0,225958479614692;"bundestagswahl"
"12";"1953";"bremen";1953-09-06;0,248332397529478;0;0,389797866367209;0,0751740595171252;NA;NA;NA;0,874006432945805;0,286695676586188;"bundestagswahl"
"13";"1953";"hamburg";1953-09-06;0,367303060520782;0;0,380581575364888;0,102569569511964;NA;NA;NA;0,873900054755693;0,149545794602366;"bundestagswahl"
"14";"1953";"hessen";1953-09-06;0,332084841639577;0;0,337394288199387;0,196541820104562;NA;NA;NA;0,867063969137347;0,133979050056473;"bundestagswahl"
"15";"1953";"niedersachsen";1953-09-06;0,352056130832281;0;0,300619796455374;0,0690086959833846;NA;NA;NA;0,887423903201272;0,27831537672896;"bundestagswahl"
"16";"1953";"nordrhein-westfalen";1953-09-06;0,488899882860921;0;0,318790863975943;0,0852729043361688;NA;NA;NA;0,859554881604116;0,107036348826967;"bundestagswahl"
"17";"1953";"rheinland-pfalz";1953-09-06;0,520981906235514;0;0,271880173237811;0,120992157660152;NA;NA;NA;0,859737409469439;0,0861457628665236;"bundestagswahl"
"18";"1953";"schleswig-holstein";1953-09-06;0,470814208224179;0;0,264631355662684;0,0454757252256184;NA;NA;NA;0,884515850217353;0,219078710887519;"bundestagswahl"
"19";"1957";"baden-wuerttemberg";1957-09-15;0,527580709547986;0;0,2582037647396;0,143695238290206;NA;NA;NA;0,84350165660899;0,0705202874222076;"bundestagswahl"
"20";"1957";"bayern";1957-09-15;0;0,571880414309582;0,264487286866891;0,0456411424289215;NA;NA;NA;0,876588074126765;0,117991156394605;"bundestagswahl"
"21";"1957";"bremen";1957-09-15;0,304224786753638;0;0,461623181133969;0,0584821876567988;NA;NA;NA;0,887101123595506;0,175669844455595;"bundestagswahl"
"22";"1957";"hamburg";1957-09-15;0,374493073045131;0;0,457995129342721;0,0939572487630592;NA;NA;NA;0,892012009118983;0,0735545488490884;"bundestagswahl"
"23";"1957";"hessen";1957-09-15;0,409382593464583;0;0,380295556387484;0,0853867045459129;NA;NA;NA;0,89058172434473;0,124935145602019;"bundestagswahl"
"24";"1957";"niedersachsen";1957-09-15;0,390794982141238;0;0,328036727870201;0,0591841497506934;NA;NA;NA;0,889918977400856;0,221984140237868;"bundestagswahl"
"25";"1957";"nordrhein-westfalen";1957-09-15;0,543630567602053;0;0,33489838989682;0,0626498048450465;NA;NA;NA;0,880073289090061;0,0588212376560807;"bundestagswahl"
"26";"1957";"rheinland-pfalz";1957-09-15;0,536970150157583;0;0,304476818123175;0,0975710964426107;NA;NA;NA;0,883417381046149;0,0609819352766318;"bundestagswahl"
"27";"1957";"saarland";1957-09-15;0,33283613777035;0,212610984392777;0,250973069783393;0,181603401253151;NA;NA;NA;0,89333925278535;0,0219764068003288;"bundestagswahl"
"28";"1957";"schleswig-holstein";1957-09-15;0,481040665525954;0;0,308369758659192;0,0561383184265784;NA;NA;NA;0,882672320348931;0,154451257388276;"bundestagswahl"
"29";"1961";"baden-wuerttemberg";1961-09-17;0,453376008524853;0;0,320561649188633;0,166455924488973;NA;NA;NA;0,848013664159384;0,0596064177975409;"bundestagswahl"
"30";"1961";"bayern";1961-09-17;0;0,549387985555577;0,301194358553968;0,0874491202964409;NA;NA;NA;0,87221951216534;0,0619685355940136;"bundestagswahl"
"31";"1961";"bremen";1961-09-17;0,26969159888941;0;0,496762337095234;0,151678610875652;NA;NA;NA;0,882180557743816;0,081867453139704;"bundestagswahl"
"32";"1961";"hamburg";1961-09-17;0,318841587384826;0;0,469146889138897;0,156864535488135;NA;NA;NA;0,885586597336576;0,0551469879881414;"bundestagswahl"
"33";"1961";"hessen";1961-09-17;0,348519412829938;0;0,4284283574919;0,152404792598297;NA;NA;NA;0,891895967496101;0,0706474370798652;"bundestagswahl"
"34";"1961";"niedersachsen";1961-09-17;0,389798006824831;0;0,387228360455547;0,131662420697167;NA;NA;NA;0,885192035224811;0,0913112120224553;"bundestagswahl"
"35";"1961";"nordrhein-westfalen";1961-09-17;0,475986121812779;0;0,372900532303956;0,117506944031495;NA;NA;NA;0,883964269525586;0,0336064018517698;"bundestagswahl"
"36";"1961";"rheinland-pfalz";1961-09-17;0,48949380511926;0;0,334950478011181;0,131769963750036;NA;NA;NA;0,881529725208551;0,0437857531195224;"bundestagswahl"
"37";"1961";"saarland";1961-09-17;0,490425441978989;0;0,33471357415085;0,129212969432842;NA;NA;NA;0,877265882168529;0,0456480144373189;"bundestagswahl"
"38";"1961";"schleswig-holstein";1961-09-17;0,417507844555314;0;0,363605957607862;0,138348029802709;NA;NA;NA;0,8804304177805;0,0805381680341155;"bundestagswahl"
"39";"1965";"baden-wuerttemberg";1965-09-19;0,498583742473149;0;0,33018082860555;0,130926163468305;NA;NA;NA;0,847669713108967;0,0403092654529968;"bundestagswahl"
"40";"1965";"bayern";1965-09-19;0;0,555971107638034;0,331378176443072;0,0733394770992278;NA;NA;NA;0,859414514454089;0,0393112388196666;"bundestagswahl"
"41";"1965";"bremen";1965-09-19;0,339674078209524;0;0,485093996852889;0,116821283291725;NA;NA;NA;0,861276700968178;0,0584106416458623;"bundestagswahl"
"42";"1965";"hamburg";1965-09-19;0,375824186932799;0;0,482578665783827;0,0943888317458231;NA;NA;NA;0,863560072764132;0,0472083155375506;"bundestagswahl"
"43";"1965";"hessen";1965-09-19;0,378413640239161;0;0,457096182237493;0,120269289919999;NA;NA;NA;0,874004882195629;0,0442208876033477;"bundestagswahl"
"44";"1965";"niedersachsen";1965-09-19;0,457745511001073;0;0,398382230692758;0,108780699284756;NA;NA;NA;0,873118204840654;0,0350915590214129;"bundestagswahl"
"45";"1965";"nordrhein-westfalen";1965-09-19;0,471046222672171;0;0,42557801926977;0,0758831294343115;NA;NA;NA;0,876127774941275;0,0274926286237472;"bundestagswahl"
"46";"1965";"rheinland-pfalz";1965-09-19;0,493047725139002;0;0,366864812013251;0,101680668181133;NA;NA;NA;0,879580875216483;0,0384067946666148;"bundestagswahl"
"47";"1965";"saarland";1965-09-19;0,468267222388749;0;0,397755225357675;0,0858308314737895;NA;NA;NA;0,891688704347365;0,0481467207797872;"bundestagswahl"
"48";"1965";"schleswig-holstein";1965-09-19;0,481828025145016;0;0,388144771595675;0,0937086639628105;NA;NA;NA;0,858782195575564;0,0363185392964986;"bundestagswahl"
"49";"1969";"baden-wuerttemberg";1969-09-28;0,506535993330957;0;0,365493462479874;0,0748893182334715;NA;NA;NA;0,851213912904607;0,0530812259556976;"bundestagswahl"
"50";"1969";"bayern";1969-09-28;0;0,543697500108193;0,346047317436142;0,0406387728235361;NA;NA;NA;0,852017748727824;0,0696164096321291;"bundestagswahl"
"51";"1969";"bremen";1969-09-28;0,322831723891273;0;0,520339324034335;0,0928871602288984;NA;NA;NA;0,863126061323005;0,0639417918454935;"bundestagswahl"
"52";"1969";"hamburg";1969-09-28;0,34045503591419;0;0,545977105078895;0,0627403456778273;NA;NA;NA;0,8758749573237;0,0508275133290882;"bundestagswahl"
"53";"1969";"hessen";1969-09-28;0,384321922974997;0;0,481891574428032;0,0672442804837779;NA;NA;NA;0,882051953692572;0,0665422221131925;"bundestagswahl"
"54";"1969";"niedersachsen";1969-09-28;0,451700226274652;0;0,43778323911312;0,0561353555970704;NA;NA;NA;0,874762494281589;0,0543811790151573;"bundestagswahl"
"55";"1969";"nordrhein-westfalen";1969-09-28;0,435931117970855;0;0,468093125371821;0,0543878243187625;NA;NA;NA;0,872843538270468;0,0415879323385616;"bundestagswahl"
"56";"1969";"rheinland-pfalz";1969-09-28;0,477914498322066;0;0,401429405184573;0,0625699139146929;NA;NA;NA;0,870188733104968;0,0580861825786684;"bundestagswahl"
"57";"1969";"saarland";1969-09-28;0,461478850500484;0;0,399261283539539;0,0665537853312017;NA;NA;NA;0,890730912578191;0,0727060806287754;"bundestagswahl"
"58";"1969";"schleswig-holstein";1969-09-28;0,461784113716972;0;0,435468505127712;0,0521507519727255;NA;NA;NA;0,86000031551068;0,0505966291825906;"bundestagswahl"
"59";"1972";"baden-wuerttemberg";1972-11-19;0,497697069952968;0;0,38878566168865;0,102370985467669;NA;NA;NA;0,902070624425195;0,0111462828907132;"bundestagswahl"
"60";"1972";"bayern";1972-11-19;0;0,550776761596578;0,378308263975539;0,0608724532625206;NA;NA;NA;0,898452179794136;0,0100425211653633;"bundestagswahl"
"61";"1972";"bremen";1972-11-19;0,29551121429375;0;0,580970984996472;0,11133088558659;NA;NA;NA;0,910344814836725;0,0121869151231885;"bundestagswahl"
"62";"1972";"hamburg";1972-11-19;0,33302534628334;0;0,544447543176793;0,112045042095605;NA;NA;NA;0,92156038371161;0,0104820684442612;"bundestagswahl"
"63";"1972";"hessen";1972-11-19;0,402925715866648;0;0,485110476741408;0,101621796506038;NA;NA;NA;0,917049629481524;0,010342010885906;"bundestagswahl"
"64";"1972";"niedersachsen";1972-11-19;0,427454296359313;0;0,480585383174629;0,0845317996403634;NA;NA;NA;0,913856294188157;0,00742852082569401;"bundestagswahl"
"65";"1972";"nordrhein-westfalen";1972-11-19;0,410133101799986;0;0,503892858638759;0,0783714101920887;NA;NA;NA;0,917700744929919;0,00760262936916611;"bundestagswahl"
"66";"1972";"rheinland-pfalz";1972-11-19;0,458537736225961;0;0,449123392830784;0,0813752359788903;NA;NA;NA;0,916269452564899;0,010963634964365;"bundestagswahl"
"67";"1972";"saarland";1972-11-19;0,434237277918434;0;0,479237223117307;0,0709153980205833;NA;NA;NA;0,928918449608515;0,0156101009436754;"bundestagswahl"
"68";"1972";"schleswig-holstein";1972-11-19;0,420238478112101;0;0,486318098172119;0,0855402997057109;NA;NA;NA;0,905307102035313;0,00790312401006921;"bundestagswahl"
"69";"1976";"baden-wuerttemberg";1976-10-03;0,533224839581066;0;0,366349189552781;0,0905851299797578;NA;NA;NA;0,891133787826487;0,00984084088639525;"bundestagswahl"
"70";"1976";"bayern";1976-10-03;0;0,599893054420852;0,327940426248139;0,0624596440559185;NA;NA;NA;0,896263954360332;0,00970687527509062;"bundestagswahl"
"71";"1976";"bremen";1976-10-03;0,325255609021793;0;0,540275863235431;0,118191159183743;NA;NA;NA;0,900133624556635;0,0162773685590332;"bundestagswahl"
"72";"1976";"hamburg";1976-10-03;0,358701021413645;0;0,525888910671893;0,101849434160298;NA;NA;NA;0,911150758112986;0,0135606337541638;"bundestagswahl"
"73";"1976";"hessen";1976-10-03;0,447918522811398;0;0,457100642439212;0,0845598175605298;NA;NA;NA;0,919430002251597;0,0104210171888605;"bundestagswahl"
"74";"1976";"niedersachsen";1976-10-03;0,456997865197045;0;0,457074920722957;0,079314819687923;NA;NA;NA;0,913881759923776;0,00661239439207484;"bundestagswahl"
"75";"1976";"nordrhein-westfalen";1976-10-03;0,445174976036352;0;0,468986753066228;0,0782861955735815;NA;NA;NA;0,913191885519477;0,00755207532383906;"bundestagswahl"
"76";"1976";"rheinland-pfalz";1976-10-03;0,498592777285857;0;0,417236903690147;0,0755684978057041;NA;NA;NA;0,914847453574857;0,00860182121829223;"bundestagswahl"
"77";"1976";"saarland";1976-10-03;0,462070305434033;0;0,461181940601489;0,0660565578877552;NA;NA;NA;0,929083643732082;0,0106911960767236;"bundestagswahl"
"78";"1976";"schleswig-holstein";1976-10-03;0,441005400914001;0;0,464023270237357;0,0878657402061561;NA;NA;NA;0,905537080083883;0,00710558864248623;"bundestagswahl"
"79";"1980";"baden-wuerttemberg";1980-10-05;0,485160358193193;0;0,37236855615287;0,120072826748612;0,0181652499798315;NA;NA;0,866185022137073;0,00423300892549372;"bundestagswahl"
"80";"1980";"bayern";1980-10-05;0;0,575928203095472;0,327266953663707;0,0784838422336553;0,0131619799406604;NA;NA;0,875739387946475;0,00515902106650623;"bundestagswahl"
"81";"1980";"bremen";1980-10-05;0,287661157169957;0;0,524555610201644;0,150881753671046;0,0270059017775592;NA;NA;0,877756560599892;0,00989557717979339;"bundestagswahl"
"82";"1980";"hamburg";1980-10-05;0,311807481102029;0;0,51710216653351;0,140718936290973;0,0228456674752456;NA;NA;0,888189510386289;0,00752574859824229;"bundestagswahl"
"83";"1980";"hessen";1980-10-05;0,406125724441133;0;0,464358421861335;0,105871205852637;0,0182356369780672;NA;NA;0,899125057131298;0,00540901086682744;"bundestagswahl"
"84";"1980";"niedersachsen";1980-10-05;0,397845742566678;0;0,46949828207023;0,112701997122273;0,0162928888348655;NA;NA;0,893216205009494;0,00366108940595256;"bundestagswahl"
"85";"1980";"nordrhein-westfalen";1980-10-05;0,405941819958132;0;0,467802633631056;0,10913032333408;0,0124803000590964;NA;NA;0,889639781243631;0,00464492301763575;"bundestagswahl"
"86";"1980";"rheinland-pfalz";1980-10-05;0,456124263734112;0;0,427732137904028;0,0978646249734863;0,013664768555532;NA;NA;0,898899802411572;0,00461420483284114;"bundestagswahl"
"87";"1980";"saarland";1980-10-05;0,423118008367704;0;0,482909867794589;0,0776858523216198;0,0105594384844259;NA;NA;0,906307546205686;0,00572683303166077;"bundestagswahl"
"88";"1980";"schleswig-holstein";1980-10-05;0,388980801294899;0;0,466513333689376;0,127090697492894;0,0138034892544649;NA;NA;0,890278449132518;0,00361167826836639;"bundestagswahl"
"89";"1983";"baden-wuerttemberg";1983-03-06;0,526077113751915;0;0,310613298011301;0,0898863013830288;0,0681270789337336;NA;NA;0,883995602612458;0,00529620792002217;"bundestagswahl"
"90";"1983";"bayern";1983-03-06;0;0,594534070956746;0,289221898806457;0,062262568071776;0,0465048196734163;NA;NA;0,876085690370971;0,0074766424916054;"bundestagswahl"
"91";"1983";"bremen";1983-03-06;0,342164025834419;0;0,487093715314496;0,0652764789680216;0,0973947090132056;NA;NA;0,8831594236135;0,00807107086985781;"bundestagswahl"
"92";"1983";"hamburg";1983-03-06;0,376117187634837;0;0,473725708918516;0,0626106514229239;0,0819118022431411;NA;NA;0,887451859377621;0,00563464978058204;"bundestagswahl"
"93";"1983";"hessen";1983-03-06;0,443398876674478;0;0,415610396678959;0,075734262911337;0,0601118931739562;NA;NA;0,90203342787349;0,00514457056127005;"bundestagswahl"
"94";"1983";"niedersachsen";1983-03-06;0,456218014308584;0;0,413497192520938;0,069421002060377;0,057150025149564;NA;NA;0,895740495762209;0,00371376596053685;"bundestagswahl"
"95";"1983";"nordrhein-westfalen";1983-03-06;0,45156226051523;0;0,427887956492364;0,0641007872257252;0,0520161480456432;NA;NA;0,894865895435684;0,0044328477210378;"bundestagswahl"
"96";"1983";"rheinland-pfalz";1983-03-06;0,496422591140082;0;0,383629182254581;0,0698165346282545;0,0452437590714366;NA;NA;0,904018271616685;0,00488793290564582;"bundestagswahl"
"97";"1983";"saarland";1983-03-06;0,448024961844645;0;0,437970294660377;0,0597377251431823;0,0475798603540604;NA;NA;0,905850027286573;0,00668715799773456;"bundestagswahl"
"98";"1983";"schleswig-holstein";1983-03-06;0,464599377959967;0;0,416964176923882;0,0628670016171668;0,0521120129693688;NA;NA;0,891747908307279;0,003457430529615;"bundestagswahl"
"99";"1987";"baden-wuerttemberg";1987-01-25;0,46656865704292;0;0,292959513265619;0,119616193552723;0,0997401841656218;NA;NA;0,831058748712261;0,0211154519731153;"bundestagswahl"
"100";"1987";"bayern";1987-01-25;0;0,551392516412333;0,269608028625074;0,0810010465964692;0,0768842557494175;NA;NA;0,816904403076465;0,0211141526167063;"bundestagswahl"
"101";"1987";"bremen";1987-01-25;0,289000263905853;0;0,464567719876782;0,0881048523645264;0,145101510335534;NA;NA;0,8274481161554;0,0132256535173045;"bundestagswahl"
"102";"1987";"hamburg";1987-01-25;0,374253812935226;0;0,412164017142675;0,0960841374380967;0,11030419675738;NA;NA;0,829971708309492;0,00719383572662269;"bundestagswahl"
"103";"1987";"hessen";1987-01-25;0,413311283179403;0;0,38715478716507;0,0914156667775013;0,0944195011651759;NA;NA;0,85698588332734;0,0136987617128494;"bundestagswahl"
"104";"1987";"niedersachsen";1987-01-25;0,414891920950182;0;0,414360344934706;0,0884307450593863;0,0744966718581678;NA;NA;0,849831666223652;0,00782031719755827;"bundestagswahl"
"105";"1987";"nordrhein-westfalen";1987-01-25;0,400897618897798;0;0,431742528030122;0,083636918620376;0,0747989069457738;NA;NA;0,854139255168096;0,00892402750593102;"bundestagswahl"
"106";"1987";"rheinland-pfalz";1987-01-25;0,451114470652841;0;0,370505236444222;0,0907198120534075;0,0745750567836567;NA;NA;0,86736396143197;0,0130854240658723;"bundestagswahl"
"107";"1987";"saarland";1987-01-25;0,411824675717769;0;0,435451738769131;0,068547787946662;0,0706954526192979;NA;NA;0,873095086618895;0,0134803449471408;"bundestagswahl"
"108";"1987";"schleswig-holstein";1987-01-25;0,419495407063738;0;0,398092962928883;0,0942798851487539;0,079738859352939;NA;NA;0,84381157022524;0,00839288550568607;"bundestagswahl"
"109";"1990";"baden-wuerttemberg";1990-12-02;0,464954465164233;0;0,291019408194211;0,122674906863906;0,0573009432005871;0,00253302231589351;NA;0,774434692426709;0,0615172542611694;"bundestagswahl"
"110";"1990";"bayern";1990-12-02;0;0,518750599755025;0,266675231417096;0,0866775778236624;0,0460233355944065;0,00215511317956465;NA;0,744441571182237;0,0797181422302452;"bundestagswahl"
"111";"1990";"berlin";1990-12-02;0,393761144982528;0;0,306219030674072;0,0913112238078937;0,0393466015659741;0,097190458280191;NA;0,805535783960178;0,0721715406893406;"bundestagswahl"
"112";"1990";"brandenburg";1990-12-02;0,362935564547856;0;0,328987523183274;0,0973599168212218;0;0,110311639408756;NA;0,73805887920584;0,100405356038892;"bundestagswahl"
"113";"1990";"bremen";1990-12-02;0,309424983409829;0;0,425152465564356;0,127750625127738;0,0828625425477961;0,0106454648906563;NA;0,765022322153472;0,0441639184596248;"bundestagswahl"
"114";"1990";"hamburg";1990-12-02;0,366394521615088;0;0,410440418179575;0,119598012494813;0,0580243023797652;0,0105615528072542;NA;0,782310109628002;0,0349811925235055;"bundestagswahl"
"115";"1990";"hessen";1990-12-02;0,413087404752534;0;0,379944554248396;0,108695746883899;0,0557971887929294;0,00378651788190839;NA;0,811367694771171;0,0386885874403319;"bundestagswahl"
"116";"1990";"mecklenburg-vorpommern";1990-12-02;0,412126512228706;0;0,265479314947735;0,0914924066387129;0;0,14231572697797;NA;0,708662632231543;0,0885860392068766;"bundestagswahl"
"117";"1990";"niedersachsen";1990-12-02;0,443080037841719;0;0,383615100627039;0,103100001412004;0,0446299842398583;0,00318330967320787;NA;0,805537375819868;0,0223915662061722;"bundestagswahl"
"118";"1990";"nordrhein-westfalen";1990-12-02;0,404804831990776;0;0,41110200592908;0,109631257763327;0,0431303459061266;0,0028336449931329;NA;0,787169432586189;0,0284979134175569;"bundestagswahl"
"119";"1990";"rheinland-pfalz";1990-12-02;0,456397735940693;0;0,360932919691385;0,103769948966015;0,0404430475872978;0,00180351386945741;NA;0,816549870077136;0,0366528339451517;"bundestagswahl"
"120";"1990";"saarland";1990-12-02;0,381483075036769;0;0,511718255675635;0,0597006740738866;0,022663168344118;0,00163667501877114;NA;0,850695987448769;0,0227981518508207;"bundestagswahl"
"121";"1990";"sachsen";1990-12-02;0,494864547033629;0;0,181674200822104;0,124240201102612;0;0,0903440537712134;NA;0,761976299445718;0,108876997270442;"bundestagswahl"
"122";"1990";"sachsen-anhalt";1990-12-02;0,385522431389996;0;0,247203381203555;0,197478801497563;0;0,0936623798374499;NA;0,722017258098392;0,0761330060714371;"bundestagswahl"
"123";"1990";"schleswig-holstein";1990-12-02;0,434537717058663;0;0,385312517695836;0,114260320211538;0,0400412143713577;0,00338282833007935;NA;0,786025223193525;0,0224654023325266;"bundestagswahl"
"124";"1990";"thueringen";1990-12-02;0,452192868916549;0;0,219496233173433;0,146354816043617;0;0,0826496164493565;NA;0,763619246747418;0,0993064654170452;"bundestagswahl"
"125";"1994";"baden-wuerttemberg";1994-10-16;0,432526569884689;0;0,307399206607931;0,0989154011484569;0,0961014136265299;0,0075842890871193;NA;0,797027257610239;0,0574731196452738;"bundestagswahl"
"126";"1994";"bayern";1994-10-16;0;0,512056546216997;0,296425834561855;0,0642648748252466;0,062716690848637;0,00546466212550629;NA;0,769222811519818;0,059071391421758;"bundestagswahl"
"127";"1994";"berlin";1994-10-16;0,313945844050886;0;0,340028983545223;0,0516129660853548;0,102154176871418;0,148464774633962;NA;0,78634096039798;0,0437932548131557;"bundestagswahl"
"128";"1994";"brandenburg";1994-10-16;0,281235769747212;0;0,450523965205208;0,0262376671142507;0,0288932512113959;0,192830141864674;NA;0,714983697362689;0,0202792048572596;"bundestagswahl"
"129";"1994";"bremen";1994-10-16;0,301999497779322;0;0,454816626040903;0,0720585213913035;0,110726977113449;0,0272518129405528;NA;0,785466259629392;0,0331465647344699;"bundestagswahl"
"130";"1994";"hamburg";1994-10-16;0,349407814407814;0;0,396679894179894;0,0723636548636549;0,125733618233618;0,0223809523809524;NA;0,797449416705854;0,0334340659340659;"bundestagswahl"
"131";"1994";"hessen";1994-10-16;0,406693016613777;0;0,37200931064614;0,0812375104062019;0,0925077641310628;0,0106910636041977;NA;0,823466601899792;0,0368613345986204;"bundestagswahl"
"132";"1994";"mecklenburg-vorpommern";1994-10-16;0,385110481263388;0;0,288144134678818;0,0340402831056923;0,0358493985225727;0,236024914278268;NA;0,728122246995486;0,0208307881512612;"bundestagswahl"
"133";"1994";"niedersachsen";1994-10-16;0,412714440852463;0;0,40573498715176;0,0770685080384183;0,0707693537866933;0,00978186878467957;NA;0,818249692054156;0,0239308413859856;"bundestagswahl"
"134";"1994";"nordrhein-westfalen";1994-10-16;0,38019951996127;0;0,431323406952905;0,0764736794298125;0,0743223031586777;0,0097354555731146;NA;0,818698449863266;0,0279456349242205;"bundestagswahl"
"135";"1994";"rheinland-pfalz";1994-10-16;0,43756862492952;0;0,393772318558159;0,069438948954593;0,0620839227246199;0,00623806791765998;NA;0,822725652713353;0,0308981169154475;"bundestagswahl"
"136";"1994";"saarland";1994-10-16;0,371929460580913;0;0,487977178423237;0,0434706579727327;0,0578141671606402;0,0071235921754594;NA;0,835182089673333;0,0316849436870184;"bundestagswahl"
"137";"1994";"sachsen";1994-10-16;0,479797248483794;0;0,242616457812205;0,0384419185286113;0,0478480776503805;0,166926929755506;NA;0,720487299141806;0,024369367769503;"bundestagswahl"
"138";"1994";"sachsen-anhalt";1994-10-16;0,387838412983229;0;0,334486936377993;0,04060789285612;0,0356677809726099;0,179975396018205;NA;0,704302301750911;0,0214235807918433;"bundestagswahl"
"139";"1994";"schleswig-holstein";1994-10-16;0,414826858938657;0;0,396177672832466;0,0744384602254841;0,0828942620205923;0,011215144254195;NA;0,808625363712032;0,0204476017286053;"bundestagswahl"
"140";"1994";"thueringen";1994-10-16;0,410387756387379;0;0,302269435055529;0,0414866444131869;0,0492830600634014;0,171509947585357;NA;0,748694764638323;0,0250631564951469;"bundestagswahl"
"141";"1998";"baden-wuerttemberg";1998-09-27;0,377751976161594;0;0,356317796521794;0,0882245393217303;0,0924362242580942;0,0097576868296037;NA;0,831289471736889;0,0755117769071835;"bundestagswahl"
"142";"1998";"bayern";1998-09-27;0;0,476664313321102;0,344258658868318;0,0508454551658994;0,0593463186009313;0,00663864254592608;NA;0,791724091774411;0,0622466114978232;"bundestagswahl"
"143";"1998";"berlin";1998-09-27;0,236694435378882;0;0,378411907501638;0,0487257394051663;0,113306254114616;0,134495666150313;NA;0,810714105895014;0,0883659974493848;"bundestagswahl"
"144";"1998";"brandenburg";1998-09-27;0,207813895332662;0;0,434991319551405;0,0284674614503126;0,0362419267288425;0,203045323161071;NA;0,780962287611641;0,0894400737757065;"bundestagswahl"
"145";"1998";"bremen";1998-09-27;0,254333114986015;0;0,50196388053828;0,0592999768369195;0,112834090076986;0,024445767258363;NA;0,820627757377089;0,0471231703034364;"bundestagswahl"
"146";"1998";"hamburg";1998-09-27;0,299740795039045;0;0,457462339255425;0,0645546719048739;0,107522286181591;0,0232216002079393;NA;0,81119374273472;0,0474983074111249;"bundestagswahl"
"147";"1998";"hessen";1998-09-27;0,347160307873393;0;0,415501225140059;0,0785042945091463;0,0824159386249552;0,0146405568884723;NA;0,842381624135891;0,0617776769639743;"bundestagswahl"
"148";"1998";"mecklenburg-vorpommern";1998-09-27;0,292799070208102;0;0,353212592584432;0,0223083956683155;0,0294984925767207;0,236362501331159;NA;0,793882191806124;0,0658189476312707;"bundestagswahl"
"149";"1998";"niedersachsen";1998-09-27;0,341269448608339;0;0,494136565292013;0,0635107990551622;0,0591278889312739;0,0101107419868614;NA;0,839080322717;0,0318445561263507;"bundestagswahl"
"150";"1998";"nordrhein-westfalen";1998-09-27;0,337551146392187;0;0,468964403721042;0,0726567419857427;0,0686240027747277;0,0121026336453215;NA;0,839381229226043;0,0401010714809786;"bundestagswahl"
"151";"1998";"rheinland-pfalz";1998-09-27;0,39139448869711;0;0,41291669475935;0,0710407777338997;0,0610048672580578;0,0100664111035127;NA;0,838755571883094;0,0535767604480702;"bundestagswahl"
"152";"1998";"saarland";1998-09-27;0,318412088645424;0;0,524418692369739;0,0471733970880941;0,0548477603625665;0,0102813256193168;NA;0,848497357294507;0,0448667359148596;"bundestagswahl"
"153";"1998";"sachsen";1998-09-27;0,326565239698518;0;0,29102376514365;0,0364584287054328;0,0438659256866359;0,199616841690664;NA;0,816486687700453;0,102469799075099;"bundestagswahl"
"154";"1998";"sachsen-anhalt";1998-09-27;0,272386748954896;0;0,380566302737226;0,0407239680304467;0,0334347529422006;0,206840214152112;NA;0,771063617989706;0,0660480131831187;"bundestagswahl"
"155";"1998";"schleswig-holstein";1998-09-27;0,357284706248147;0;0,454241962740859;0,0757798307763617;0,0646533333717191;0,0146652809406047;NA;0,824253087090214;0,0333748859223092;"bundestagswahl"
"156";"1998";"thueringen";1998-09-27;0,288998812473795;0;0,345174701925901;0,0340396980218776;0,0389573871410746;0,212273447365977;NA;0,82254069185167;0,0805559530713746;"bundestagswahl"
"157";"2002";"baden-wuerttemberg";2002-09-22;0,428257472104978;0;0,334944651043063;0,0777461215830207;0,11386499241817;0,00945409646929329;NA;0,811131640090198;0,0357326663814748;"bundestagswahl"
"158";"2002";"bayern";2002-09-22;0;0,586079889560963;0,261123427087173;0,0451843597939536;0,0763971871946567;0,00672519298173176;NA;0,814836972351679;0,0244899433815218;"bundestagswahl"
"159";"2002";"berlin";2002-09-22;0,258537721411887;0;0,36598361334371;0,0662367470687179;0,146361396332419;0,113582742251752;NA;0,776289455316553;0,049297779591514;"bundestagswahl"
"160";"2002";"brandenburg";2002-09-22;0,222644391833376;0;0,46371976264751;0,0580967254632474;0,0450473172067453;0,172438234766192;NA;0,736762770552468;0,0380535680829293;"bundestagswahl"
"161";"2002";"bremen";2002-09-22;0,24567824078978;0;0,485583543418851;0,0670137491261149;0,149969281613457;0,0223582187572824;NA;0,788471660065264;0,0293969662945152;"bundestagswahl"
"162";"2002";"hamburg";2002-09-22;0,280576435639865;0;0,420097608771919;0,0680625011676932;0,16193050305261;0,0210215914257067;NA;0,795900745058656;0,048311359942207;"bundestagswahl"
"163";"2002";"hessen";2002-09-22;0,370806745583239;0;0,397002861182144;0,0822789759492585;0,107204854373766;0,0134407318815472;NA;0,801022773147268;0,0292658310300461;"bundestagswahl"
"164";"2002";"mecklenburg-vorpommern";2002-09-22;0,302895400757377;0;0,416624276149811;0,0542763039579897;0,0351250391791141;0,163214280209024;NA;0,705783704043642;0,0278646997466845;"bundestagswahl"
"165";"2002";"niedersachsen";2002-09-22;0,345318724873525;0;0,478438614074065;0,070774558301262;0,072972966838367;0,0103957032193871;NA;0,809641981916002;0,022099432693393;"bundestagswahl"
"166";"2002";"nordrhein-westfalen";2002-09-22;0,350986960208392;0;0,429635924740465;0,0934672133652135;0,0888688152657994;0,0119785420183795;NA;0,802893841464483;0,0250625444017509;"bundestagswahl"
"167";"2002";"rheinland-pfalz";2002-09-22;0,402454067902843;0;0,382362807174671;0,093125646645186;0,079343312304966;0,0100296072975288;NA;0,800196389732671;0,032684558674805;"bundestagswahl"
"168";"2002";"saarland";2002-09-22;0,349697726611723;0;0,459625078348454;0,0639385592594263;0,0755908989814312;0,013997738587566;NA;0,800223570355253;0,0371499982114001;"bundestagswahl"
"169";"2002";"sachsen";2002-09-22;0,335575354644196;0;0,333069846546326;0,0725750840709675;0,0462023114684396;0,161698040276758;NA;0,736926283491438;0,050879362993313;"bundestagswahl"
"170";"2002";"sachsen-anhalt";2002-09-22;0,290429822660581;0;0,432000782893771;0,0756799642105705;0,0339538232477509;0,144086705485149;NA;0,688067138910003;0,0238489015021774;"bundestagswahl"
"171";"2002";"schleswig-holstein";2002-09-22;0,360296698653974;0;0,428735203540833;0,0803575185350201;0,0936189270178719;0,0130141403917902;NA;0,806913431604837;0,0239775118605108;"bundestagswahl"
"172";"2002";"thueringen";2002-09-22;0,29396585084214;0;0,39920424860609;0,0585514648213181;0,0426288491611017;0,169544850344796;NA;0,748121226552857;0,0361047362245542;"bundestagswahl"
"173";"2005";"baden-wuerttemberg";2005-09-18;0,392117781407027;0;0,301391150490507;0,119165532979519;0,107015315038505;NA;NA;0,786793086589758;0,0803102200844421;"bundestagswahl"
"174";"2005";"bayern";2005-09-18;0;0,492481790073606;0,254611710897317;0,0949665877694352;0,0789171037866443;NA;NA;0,778725429815583;0,0790228074729968;"bundestagswahl"
"175";"2005";"berlin";2005-09-18;0,220137388265659;0;0,343456660325449;0,0819530591887694;0,137100648700122;NA;NA;0,773871602877032;0,217352243520001;"bundestagswahl"
"176";"2005";"brandenburg";2005-09-18;0,205662873641088;0;0,35830823149066;0,0687261022164895;0,0511943628980093;NA;NA;0,749398125873916;0,316108429753753;"bundestagswahl"
"177";"2005";"bremen";2005-09-18;0,227643601780499;0;0,429281528289323;0,0810370218915178;0,142572550363201;NA;NA;0,754986381622899;0,11946529767546;"bundestagswahl"
"178";"2005";"hamburg";2005-09-18;0,288772944483784;0;0,387491996726608;0,0896716431833311;0,149201156711513;NA;NA;0,775282213538937;0,0848622588947638;"bundestagswahl"
"179";"2005";"hessen";2005-09-18;0,336763180984287;0;0,356485697856732;0,11670619146431;0,101278722444252;NA;NA;0,787115971007935;0,0887662072504194;"bundestagswahl"
"180";"2005";"mecklenburg-vorpommern";2005-09-18;0,295765231885242;0;0,317458876960107;0,0625671183066978;0,0397078204612395;NA;NA;0,7124993832773;0,284500952386714;"bundestagswahl"
"181";"2005";"niedersachsen";2005-09-18;0,335584128694065;0;0,431695880232769;0,0894237577941996;0,0744293622347959;NA;NA;0,793830256938923;0,0688668710441711;"bundestagswahl"
"182";"2005";"nordrhein-westfalen";2005-09-18;0,343972314743143;0;0,399775483794652;0,100031319444573;0,0763760133070064;NA;NA;0,783374306510341;0,0798448687106257;"bundestagswahl"
"183";"2005";"rheinland-pfalz";2005-09-18;0,369165693239374;0;0,345795866723257;0,117334969897015;0,072728374035003;NA;NA;0,787239423495001;0,0949750961053514;"bundestagswahl"
"184";"2005";"saarland";2005-09-18;0,301596797565341;0;0,33337805713492;0,0744856499736393;0,0591759034471002;NA;NA;0,794265698039532;0,231363591879;"bundestagswahl"
"185";"2005";"sachsen";2005-09-18;0,300338662509667;0;0,245389461886118;0,101818913742266;0,0479029207753287;NA;NA;0,756883401467474;0,30455004108662;"bundestagswahl"
"186";"2005";"sachsen-anhalt";2005-09-18;0,246565681703651;0;0,327392716977152;0,0807643017029752;0,040774063322301;NA;NA;0,709575845693805;0,304503236293921;"bundestagswahl"
"187";"2005";"schleswig-holstein";2005-09-18;0,364122630106891;0;0,382110408143156;0,101054801764786;0,084374812329712;NA;NA;0,790945602941999;0,0683373476554552;"bundestagswahl"
"188";"2005";"thueringen";2005-09-18;0,256714160756615;0;0,298307734407149;0,0792740717560314;0,0482334638610896;NA;NA;0,754859009426614;0,317470569219115;"bundestagswahl"
"189";"2009";"baden-wuerttemberg";2009-09-27;0,344441445187684;0;0,193160751321781;0,187971567535922;0,138852561948178;0,071596954772331;NA;0,724439854342873;0,0639767192341029;"bundestagswahl"
"190";"2009";"bayern";2009-09-27;0;0,425469435222539;0,168372209651301;0,146778971130042;0,108127045614305;0,0645473055166869;NA;0,716277383317579;0,0867050328651258;"bundestagswahl"
"191";"2009";"berlin";2009-09-27;0,228141382901872;0;0,201973418900375;0,115188246523597;0,173804184158686;0,202309381718168;NA;0,709173370986764;0,0785833857973024;"bundestagswahl"
"192";"2009";"brandenburg";2009-09-27;0,235994038421623;0;0,250957081248126;0,0934321740734762;0,0609469050529277;0,285081928461059;NA;0,6695598048588;0,0735878727427873;"bundestagswahl"
"193";"2009";"bremen";2009-09-27;0,239106231043882;0;0,302468023779499;0,106222184158223;0,154404316457528;0,142845329891823;NA;0,702955870961396;0,054953914669045;"bundestagswahl"
"194";"2009";"hamburg";2009-09-27;0,278299023623042;0;0,274096337965878;0,132165155956306;0,156209030866329;0,111803849095943;NA;0,713058058273133;0,0474266024925029;"bundestagswahl"
"195";"2009";"hessen";2009-09-27;0,321888008167245;0;0,255768006442657;0,165985905586374;0,120201248060232;0,0854284609218803;NA;0,737599623907601;0,0507283708216119;"bundestagswahl"
"196";"2009";"mecklenburg-vorpommern";2009-09-27;0,33147923303896;0;0,165585684685339;0,098243101605388;0,0551629428999374;0,290032942565554;NA;0,629991616070294;0,0594960952048216;"bundestagswahl"
"197";"2009";"niedersachsen";2009-09-27;0,331978150124159;0;0,29281613026724;0,132743658308839;0,107327712718305;0,0858124026674121;NA;0,733355420632155;0,0493219459140448;"bundestagswahl"
"198";"2009";"nordrhein-westfalen";2009-09-27;0,331381560421462;0;0,28531669501775;0,148524103532788;0,100733783968581;0,0841175144939854;NA;0,71445229488126;0,0499263425654344;"bundestagswahl"
"199";"2009";"rheinland-pfalz";2009-09-27;0,349950686895299;0;0,237555565586885;0,166279776520214;0,0966523173055484;0,0935558282253347;NA;0,719599159503047;0,0560058254667191;"bundestagswahl"
"200";"2009";"saarland";2009-09-27;0,306546616581206;0;0,247003164822088;0,118705620252126;0,0676222115455309;0,211808838590654;NA;0,737358296415576;0,0483135482083961;"bundestagswahl"
"201";"2009";"sachsen";2009-09-27;0,355581858842218;0;0,145959414107609;0,132809645354049;0,0671664685780553;0,24483707970177;NA;0,649751648217339;0,0536455334162982;"bundestagswahl"
"202";"2009";"sachsen-anhalt";2009-09-27;0,301255038780316;0;0,16866610347626;0,103309131666822;0,0513307036332433;0,323825614964013;NA;0,60472144937424;0,051613407479346;"bundestagswahl"
"203";"2009";"schleswig-holstein";2009-09-27;0,322122619294664;0;0,267622531689926;0,162638505575016;0,126611833971005;0,0790325206181788;NA;0,735834466957829;0,0419719888512099;"bundestagswahl"
"204";"2009";"thueringen";2009-09-27;0,311566535608543;0;0,175838976301563;0,097936382552248;0,059944681186164;0,288101908718274;NA;0,65206455614904;0,0666115156332072;"bundestagswahl"
"205";"2013";"baden-wuerttemberg";2013-09-22;0,456681553181583;0;0,205675308785738;0,0617362330754292;0,110473573378608;0,0482905144417273;0,052461361792649;0,742723925359189;0,0646814553442659;"bundestagswahl"
"206";"2013";"bayern";2013-09-22;0;0,492887062350749;0,199674505432887;0,0507780642190752;0,0840052547162142;0,0378254470801603;0,0430908003716899;0,700296577399269;0,0917388658292247;"bundestagswahl"
"207";"2013";"berlin";2013-09-22;0,28452034741439;0;0,245780521680956;0,035584971032952;0,123473964897207;0,184876163562435;0,0492582455539763;0,724508903236517;0,0765057858580841;"bundestagswahl"
"208";"2013";"brandenburg";2013-09-22;0,347604587276229;0;0,231333038501486;0,0254724632336523;0,0469488505159317;0,224229703780426;0,0598366996503794;0,683844770235786;0,0645746570418954;"bundestagswahl"
"209";"2013";"bremen";2013-09-22;0,292821755127318;0;0,355797603001712;0,0340121185627725;0,121470984663582;0,101040642113827;0,0373605090282078;0,688313701498275;0,0574963875025803;"bundestagswahl"
"210";"2013";"hamburg";2013-09-22;0,32096732369512;0;0,324306909631366;0,0481225914288825;0,126652814400968;0,0878911665426249;0,0416937481828724;0,703019225878722;0,0503654461181664;"bundestagswahl"
"211";"2013";"hessen";2013-09-22;0,391664027501111;0;0,288081253051452;0,0556349864092239;0,0994682174054054;0,0599264760770893;0,0560082284787829;0,731992891440385;0,0492168110769352;"bundestagswahl"
"212";"2013";"mecklenburg-vorpommern";2013-09-22;0,425296429933748;0;0,17796859208314;0,0218590066413673;0,0434644819952451;0,21535293283841;0,0563358044951097;0,652783546370229;0,0597227520129808;"bundestagswahl"
"213";"2013";"niedersachsen";2013-09-22;0,410682839698915;0;0,330690443303654;0,0417629115057387;0,0881615473560602;0,0503761309799652;0,0373150276924184;0,734172590545148;0,0410110994632485;"bundestagswahl"
"214";"2013";"nordrhein-westfalen";2013-09-22;0,397610083724664;0;0,31882837902132;0,0524340669458296;0,0800831150716923;0,0613724325677076;0,0391926560068443;0,724729910181073;0,050479266661943;"bundestagswahl"
"215";"2013";"rheinland-pfalz";2013-09-22;0,432899660735598;0;0,274965375884456;0,0553805220779256;0,076483282659674;0,0543410083644277;0,0480533502641909;0,728224525485509;0,0578768000137277;"bundestagswahl"
"216";"2013";"saarland";2013-09-22;0,377502844141069;0;0,310352673492605;0,038228811149033;0,0568792662116041;0,0996249288964733;0,052067335039818;0,725346451074777;0,065344141069397;"bundestagswahl"
"217";"2013";"sachsen";2013-09-22;0,42638207499447;0;0,146107949235462;0,0305484915881152;0,0488354027947589;0,200220607274467;0,0676401795038437;0,695378446056429;0,0802652946088829;"bundestagswahl"
"218";"2013";"sachsen-anhalt";2013-09-22;0,412092652366996;0;0,182158353940186;0,0262958988475715;0,0397500880121139;0,239493898533697;0,0421278996280163;0,620570931388797;0,05808120867142;"bundestagswahl"
"219";"2013";"schleswig-holstein";2013-09-22;0,392286386331673;0;0,315499696000098;0,0563253474503927;0,0940477433381032;0,051696565108181;0,0456589428173114;0,730861054909059;0,0444853189542403;"bundestagswahl"
"220";"2013";"thueringen";2013-09-22;0,387501593335352;0;0,161334033724313;0,0260625009641201;0,049128313630101;0,23432381283323;0,0617142421041607;0,682238985879312;0,0799355034087228;"bundestagswahl"
"221";"2017";"baden-wuerttemberg";2017-09-24;0,344017688731193;0;0,163920448098505;0,127150353547691;0,134692025720811;0,0635289559363574;0,121892691567851;0,782912002267802;0,0447978363975913;"bundestagswahl"
"222";"2017";"bayern";2017-09-24;0;0,388151831207283;0,152968872790033;0,101613237010717;0,0976728646961198;0,060975273257489;0,123938045855589;0,781423660136745;0,0746798751827691;"bundestagswahl"
"223";"2017";"berlin";2017-09-24;0,227025930931461;0;0,178836537648699;0,0893751986311704;0,125704505302717;0,187887698617795;0,120473483206905;0,755925323702493;0,0706966456612532;"bundestagswahl"
"224";"2017";"brandenburg";2017-09-24;0,266857209167236;0;0,175621515785491;0,0707558401991909;0,050288060819771;0,171529167289921;0,201969908057989;0,737071173678164;0,0629782986804004;"bundestagswahl"
"225";"2017";"bremen";2017-09-24;0,250987743851614;0;0,267643226619885;0,093451250740996;0,11053402864081;0,134294045251156;0,100035206711543;0,708464181241841;0,0430544981839956;"bundestagswahl"
"226";"2017";"hamburg";2017-09-24;0,272269807937284;0;0,23500436552645;0,107972657695697;0,139421828450146;0,121739912771261;0,0782226684305984;0,759589281968386;0,0453687591885642;"bundestagswahl"
"227";"2017";"hessen";2017-09-24;0,308519215264714;0;0,235428648212846;0,115483293021589;0,096669354116277;0,0809692734927887;0,119057601003315;0,770118344671541;0,0438726148884708;"bundestagswahl"
"228";"2017";"mecklenburg-vorpommern";2017-09-24;0,331277290810881;0;0,150606462464017;0,0624198121853134;0,0426022360944895;0,178292417332428;0,185883710148678;0,708573969473371;0,0489180709641944;"bundestagswahl"
"229";"2017";"niedersachsen";2017-09-24;0,349362897505819;0;0,274408991998237;0,092835641931441;0,087115793152364;0,0695030488644658;0,090889645223044;0,76443927112087;0,0358839813246291;"bundestagswahl"
"230";"2017";"nordrhein-westfalen";2017-09-24;0,326183906289184;0;0,259593842801306;0,131229323713078;0,0756055512744514;0,0747869486775955;0,0942240411586809;0,754366610783785;0,0383763860857044;"bundestagswahl"
"231";"2017";"rheinland-pfalz";2017-09-24;0,358942157183939;0;0,241488487225006;0,103802910976734;0,0758656274312108;0,0681107264912766;0,112460243487212;0,776504573310771;0,0393298472046208;"bundestagswahl"
"232";"2017";"saarland";2017-09-24;0,323913556072706;0;0,271495648073157;0,0759955438456202;0,0600025971451907;0,128914085753633;0,100673549101422;0,766034449041767;0,0390050200082699;"bundestagswahl"
"233";"2017";"sachsen";2017-09-24;0,268512513491145;0;0,105309582464173;0,0821415146543282;0,0458206891656221;0,160775331490955;0,270202032423921;0,753760718415401;0,0672383363098551;"bundestagswahl"
"234";"2017";"sachsen-anhalt";2017-09-24;0,303146235280888;0;0,15179360311009;0,0775554627383572;0,0371435685713827;0,177398833716204;0,196309177657472;0,68115808422166;0,0566531189256052;"bundestagswahl"
"235";"2017";"schleswig-holstein";2017-09-24;0,339893369300454;0;0,232860487712756;0,126392409600843;0,119763400385046;0,0726713805510593;0,0818131532179518;0,763100107148594;0,0266057992318907;"bundestagswahl"
"236";"2017";"thueringen";2017-09-24;0,287580497632968;0;0,132127362396944;0,0781251931325167;0,0412067537668566;0,168575330951881;0,227177144234454;0,742524960187073;0,0652077178843801;"bundestagswahl"
